{"Decision Tree": 0.9991222218320986, "AdaboostClassifier": 0.9992977774656788, "Gradient Boosting Classifier": 0.9989466661985184, "Random Forest Classifier": 0.9995962220427653, "Support Vector Machine": 0.9987711105649381, "K Nearest Neighbours": 0.9993328885923949, "Naive Bayes": 0.9776342122818721, "Catboost Classifier": 0.9995962220427653, "Logistic Regression": 0.9990519995786665, "XGBoost Classifier": 0.9996313331694814}